album,artist,song,line_number,lyric_line,word_count
The Dark Side of the Moon,Pink Floyd,Breathe (In the Air),1,"Breathe, breathe in the air",5
The Dark Side of the Moon,Pink Floyd,Breathe (In the Air),2,Don't be afraid to care,5
The Dark Side of the Moon,Pink Floyd,Breathe (In the Air),3,"Leave, but don't leave me",5
The Dark Side of the Moon,Pink Floyd,Breathe (In the Air),4,Look around and choose your own ground,7
The Dark Side of the Moon,Pink Floyd,Breathe (In the Air),5,For long you live and high you fly,8
The Dark Side of the Moon,Pink Floyd,Breathe (In the Air),6,And smiles you'll give and tears you'll cry,8
The Dark Side of the Moon,Pink Floyd,Breathe (In the Air),7,And all you touch and all you see,8
The Dark Side of the Moon,Pink Floyd,Breathe (In the Air),8,Is all your life will ever be,7
The Dark Side of the Moon,Pink Floyd,Breathe (In the Air),9,"Run, rabbit, run",3
The Dark Side of the Moon,Pink Floyd,Breathe (In the Air),10,"Dig that hole, forget the sun",6
The Dark Side of the Moon,Pink Floyd,Breathe (In the Air),11,And when at last the work is done,8
The Dark Side of the Moon,Pink Floyd,Breathe (In the Air),12,"Don't sit down, it's time to dig another one",9
The Dark Side of the Moon,Pink Floyd,Breathe (In the Air),13,For long you live and high you fly,8
The Dark Side of the Moon,Pink Floyd,Breathe (In the Air),14,But only if you ride the tide,7
The Dark Side of the Moon,Pink Floyd,Breathe (In the Air),15,And balanced on the biggest wave,6
The Dark Side of the Moon,Pink Floyd,Breathe (In the Air),16,You race towards an early grave,6
The Dark Side of the Moon,Pink Floyd,Time,1,*ticking clocks*,2
The Dark Side of the Moon,Pink Floyd,Time,2,*clocks ringing*,2
The Dark Side of the Moon,Pink Floyd,Time,3,Ticking away,2
The Dark Side of the Moon,Pink Floyd,Time,4,The moments that make up a dull day,8
The Dark Side of the Moon,Pink Floyd,Time,5,You fritter and waste the hours,6
The Dark Side of the Moon,Pink Floyd,Time,6,In an offhand way,4
The Dark Side of the Moon,Pink Floyd,Time,7,Kicking around on a piece of ground,7
The Dark Side of the Moon,Pink Floyd,Time,8,In your hometown,3
The Dark Side of the Moon,Pink Floyd,Time,9,Waiting for someone,3
The Dark Side of the Moon,Pink Floyd,Time,10,Or something to show you the way,7
The Dark Side of the Moon,Pink Floyd,Time,11,Tired of lying in the sunshine,6
The Dark Side of the Moon,Pink Floyd,Time,12,Staying home to watch the rain,6
The Dark Side of the Moon,Pink Floyd,Time,13,You are young and life is long,7
The Dark Side of the Moon,Pink Floyd,Time,14,And there is time to kill today,7
The Dark Side of the Moon,Pink Floyd,Time,15,And then one day you find,6
The Dark Side of the Moon,Pink Floyd,Time,16,Ten years have got behind you,6
The Dark Side of the Moon,Pink Floyd,Time,17,No one told you when to run,7
The Dark Side of the Moon,Pink Floyd,Time,18,You missed the starting gun,5
The Dark Side of the Moon,Pink Floyd,Time,19,"And you run, and you run",6
The Dark Side of the Moon,Pink Floyd,Time,20,"To catch up with the sun, but it's sinking",9
The Dark Side of the Moon,Pink Floyd,Time,21,And racing around,3
The Dark Side of the Moon,Pink Floyd,Time,22,To come up behind you again,6
The Dark Side of the Moon,Pink Floyd,Time,23,The sun is the same in a relative way,9
The Dark Side of the Moon,Pink Floyd,Time,24,But you're older,3
The Dark Side of the Moon,Pink Floyd,Time,25,Shorter of breath,3
The Dark Side of the Moon,Pink Floyd,Time,26,And one day closer to death,6
The Dark Side of the Moon,Pink Floyd,Time,27,Every year is getting shorter,5
The Dark Side of the Moon,Pink Floyd,Time,28,Never seem to find the time,6
The Dark Side of the Moon,Pink Floyd,Time,29,Plans that either come to naught,6
The Dark Side of the Moon,Pink Floyd,Time,30,Or half a page of scribbled lines,7
The Dark Side of the Moon,Pink Floyd,Time,31,Hanging on in quiet desperation,5
The Dark Side of the Moon,Pink Floyd,Time,32,Is the English way,4
The Dark Side of the Moon,Pink Floyd,Time,33,"The time is gone, the song is over",8
The Dark Side of the Moon,Pink Floyd,Time,34,Thought I'd something more to say,6
The Dark Side of the Moon,Pink Floyd,Time,35,],1
The Dark Side of the Moon,Pink Floyd,Time,36,"Home, home again",3
The Dark Side of the Moon,Pink Floyd,Time,37,I like to be here when I can,8
The Dark Side of the Moon,Pink Floyd,Time,38,When I come home cold and tired,7
The Dark Side of the Moon,Pink Floyd,Time,39,It's good to warm my bones beside the fire,9
The Dark Side of the Moon,Pink Floyd,Time,40,Far away across the field,5
The Dark Side of the Moon,Pink Floyd,Time,41,The tolling of the iron bell,6
The Dark Side of the Moon,Pink Floyd,Time,42,Calls the faithful to their knees,6
The Dark Side of the Moon,Pink Floyd,Time,43,To hear the softly spoken magic spells,7
The Dark Side of the Moon,Pink Floyd,The Great Gig in the Sky,1,"And I am not frightened of dying, you know",9
The Dark Side of the Moon,Pink Floyd,The Great Gig in the Sky,2,"Any time will do, I don't mind",7
The Dark Side of the Moon,Pink Floyd,The Great Gig in the Sky,3,Why should I be frightened of dying?,7
The Dark Side of the Moon,Pink Floyd,The Great Gig in the Sky,4,There's no reason for it,5
The Dark Side of the Moon,Pink Floyd,The Great Gig in the Sky,5,You've gotta go sometime,4
The Dark Side of the Moon,Pink Floyd,The Great Gig in the Sky,6,I never said I was frightened of dying,8
The Dark Side of the Moon,Pink Floyd,Money,1,"Money, get away",3
The Dark Side of the Moon,Pink Floyd,Money,2,"Go get a good job with more pay, and you're okay",11
The Dark Side of the Moon,Pink Floyd,Money,3,"Money, it's a gas",4
The Dark Side of the Moon,Pink Floyd,Money,4,Grab that cash with both hands and make a stash,10
The Dark Side of the Moon,Pink Floyd,Money,5,"A new car, caviar, four-star daydream",6
The Dark Side of the Moon,Pink Floyd,Money,6,Think I'll buy me a football team,7
The Dark Side of the Moon,Pink Floyd,Money,7,"Money, well, get back",4
The Dark Side of the Moon,Pink Floyd,Money,8,"I'm alright, Jack, keep your hands off of my stack",10
The Dark Side of the Moon,Pink Floyd,Money,9,"Money, it's a hit",4
The Dark Side of the Moon,Pink Floyd,Money,10,Don't give me that do goody-good bullshit,7
The Dark Side of the Moon,Pink Floyd,Money,11,I'm in the hi-fidelity first class travelling set,8
The Dark Side of the Moon,Pink Floyd,Money,12,And I think I need a Learjet,7
The Dark Side of the Moon,Pink Floyd,Money,13,"Money, it's a crime",4
The Dark Side of the Moon,Pink Floyd,Money,14,"Share it fairly, but don't take a slice of my pie",11
The Dark Side of the Moon,Pink Floyd,Money,15,"Money, so they say",4
The Dark Side of the Moon,Pink Floyd,Money,16,Is the root of all evil today,7
The Dark Side of the Moon,Pink Floyd,Money,17,But if you ask for a rise,7
The Dark Side of the Moon,Pink Floyd,Money,18,It's no surprise that they're giving none away,8
The Dark Side of the Moon,Pink Floyd,Money,19,"Away, away, away",3
The Dark Side of the Moon,Pink Floyd,Money,20,"Away, away, away, away",4
The Dark Side of the Moon,Pink Floyd,Money,21,Ooh,1
The Dark Side of the Moon,Pink Floyd,Money,22,"Away, ooh",2
The Dark Side of the Moon,Pink Floyd,Money,23,"Ooh, ooh",2
The Dark Side of the Moon,Pink Floyd,Money,24,"No, no, no",3
The Dark Side of the Moon,Pink Floyd,Money,25,"Wooh, wooh-ooh-ooh",2
The Dark Side of the Moon,Pink Floyd,Money,26,"No, no, no",3
The Dark Side of the Moon,Pink Floyd,Money,27,"Bah, bah, bah",3
The Dark Side of the Moon,Pink Floyd,Money,28,Wah-bah-bah-woo-hoo-wa-hoo,1
The Dark Side of the Moon,Pink Floyd,Money,29,Do-da-wa,1
The Dark Side of the Moon,Pink Floyd,Money,30,Do-do-do-do-do-do-do-do-do-do-do-da-do,1
The Dark Side of the Moon,Pink Floyd,Money,31,Woo,1
The Dark Side of the Moon,Pink Floyd,Money,32,"""Hahaha, I was in the right""",6
The Dark Side of the Moon,Pink Floyd,Money,33,"""Yes, absolutely in the right""",5
The Dark Side of the Moon,Pink Floyd,Money,34,"""I certainly was in the right""",6
The Dark Side of the Moon,Pink Floyd,Money,35,"""Yeah, I was definitely in the right; that geezer was cruisin' for a bruisin'""",14
The Dark Side of the Moon,Pink Floyd,Money,36,"""Yeah""",1
The Dark Side of the Moon,Pink Floyd,Money,37,"""Why does anyone do anything?""",5
The Dark Side of the Moon,Pink Floyd,Money,38,"""I don't know, I was really drunk at the time""",10
The Dark Side of the Moon,Pink Floyd,Money,39,"""I was just telling him it was in, he could get it in number two. He was asking why it wasn't coming up on fader eleven. After, I was yelling and screaming and telling him why it wasn't coming up on fader eleven. It came to a heavy blow, which sorted the matter out…""",54
The Dark Side of the Moon,Pink Floyd,Us and Them,1,"Us, and them",3
The Dark Side of the Moon,Pink Floyd,Us and Them,2,"And after all, we're only ordinary men",7
The Dark Side of the Moon,Pink Floyd,Us and Them,3,"Me, and you",3
The Dark Side of the Moon,Pink Floyd,Us and Them,4,God only knows it's not what we would choose to do,11
The Dark Side of the Moon,Pink Floyd,Us and Them,5,"""Forward!"" he cried from the rear",6
The Dark Side of the Moon,Pink Floyd,Us and Them,6,And the front rank died,5
The Dark Side of the Moon,Pink Floyd,Us and Them,7,"The general sat, and the lines on the map",9
The Dark Side of the Moon,Pink Floyd,Us and Them,8,Moved from side to side,5
The Dark Side of the Moon,Pink Floyd,Us and Them,9,Black and blue,3
The Dark Side of the Moon,Pink Floyd,Us and Them,10,"And who knows which is which, and who is who?",10
The Dark Side of the Moon,Pink Floyd,Us and Them,11,Up and down,3
The Dark Side of the Moon,Pink Floyd,Us and Them,12,"And in the end, it's only round and round, and round",11
The Dark Side of the Moon,Pink Floyd,Us and Them,13,"""Haven't you heard it's a battle of words?""",8
The Dark Side of the Moon,Pink Floyd,Us and Them,14,The poster bearer cried,4
The Dark Side of the Moon,Pink Floyd,Us and Them,15,"""Listen, son,"" said the man with the gun",8
The Dark Side of the Moon,Pink Floyd,Us and Them,16,"""There's room for you inside""",5
The Dark Side of the Moon,Pink Floyd,Us and Them,17,"""I mean, they're gonna kill ya",6
The Dark Side of the Moon,Pink Floyd,Us and Them,18,"So like, if you give 'em a quick sh… short, sharp, shock",12
The Dark Side of the Moon,Pink Floyd,Us and Them,19,They don't do it again,5
The Dark Side of the Moon,Pink Floyd,Us and Them,20,"Dig it? I mean, he got off light",8
The Dark Side of the Moon,Pink Floyd,Us and Them,21,'Cause I could've given him a thrashin',7
The Dark Side of the Moon,Pink Floyd,Us and Them,22,I only hit him once!,5
The Dark Side of the Moon,Pink Floyd,Us and Them,23,"It's only a difference in right and wrong, innit?",9
The Dark Side of the Moon,Pink Floyd,Us and Them,24,"I mean good manners don't cost nothin', do they, eh?""",10
The Dark Side of the Moon,Pink Floyd,Us and Them,25,Down and out,3
The Dark Side of the Moon,Pink Floyd,Us and Them,26,"It can't be helped, but there's a lot of it about",11
The Dark Side of the Moon,Pink Floyd,Us and Them,27,"With, without",2
The Dark Side of the Moon,Pink Floyd,Us and Them,28,And who'll deny it's what the fighting's all about?,9
The Dark Side of the Moon,Pink Floyd,Us and Them,29,"Out of the way, it's a busy day",8
The Dark Side of the Moon,Pink Floyd,Us and Them,30,I've got things on my mind,6
The Dark Side of the Moon,Pink Floyd,Us and Them,31,For want of the price of tea and a slice,10
The Dark Side of the Moon,Pink Floyd,Us and Them,32,The old man died,4
The Dark Side of the Moon,Pink Floyd,Brain Damage,1,The lunatic is on the grass,6
The Dark Side of the Moon,Pink Floyd,Brain Damage,2,The lunatic is on the grass,6
The Dark Side of the Moon,Pink Floyd,Brain Damage,3,Remembering games and daisy chains and laughs,7
The Dark Side of the Moon,Pink Floyd,Brain Damage,4,Got to keep the loonies on the path,8
The Dark Side of the Moon,Pink Floyd,Brain Damage,5,The lunatic is in the hall,6
The Dark Side of the Moon,Pink Floyd,Brain Damage,6,The lunatics are in my hall,6
The Dark Side of the Moon,Pink Floyd,Brain Damage,7,The paper holds their folded faces to the floor,9
The Dark Side of the Moon,Pink Floyd,Brain Damage,8,And every day the paperboy brings more,7
The Dark Side of the Moon,Pink Floyd,Brain Damage,9,And if the dam breaks open many years too soon,10
The Dark Side of the Moon,Pink Floyd,Brain Damage,10,And if there is no room upon the hill,9
The Dark Side of the Moon,Pink Floyd,Brain Damage,11,And if your head explodes with dark forebodings too,9
The Dark Side of the Moon,Pink Floyd,Brain Damage,12,I'll see you on the dark side of the moon,10
The Dark Side of the Moon,Pink Floyd,Brain Damage,13,The lunatic is in my head (,7
The Dark Side of the Moon,Pink Floyd,Brain Damage,14,*laughter*,1
The Dark Side of the Moon,Pink Floyd,Brain Damage,15,),1
The Dark Side of the Moon,Pink Floyd,Brain Damage,16,The lunatic is in my head,6
The Dark Side of the Moon,Pink Floyd,Brain Damage,17,"You raise the blade, you make the change",8
The Dark Side of the Moon,Pink Floyd,Brain Damage,18,You rearrange me 'till I'm sane,6
The Dark Side of the Moon,Pink Floyd,Brain Damage,19,You lock the door and throw away the key,9
The Dark Side of the Moon,Pink Floyd,Brain Damage,20,"And there's someone in my head, but it's not me",10
The Dark Side of the Moon,Pink Floyd,Brain Damage,21,And if the cloudbursts thunder in your ear,8
The Dark Side of the Moon,Pink Floyd,Brain Damage,22,"You shout and no one seems to hear (Oh, woah)",10
The Dark Side of the Moon,Pink Floyd,Brain Damage,23,"And if the band you're in starts playing different tunes (Hey, hey, hey)",13
The Dark Side of the Moon,Pink Floyd,Brain Damage,24,"I'll see you on the dark side of the moon! (Oh, oh, oh)",13
The Dark Side of the Moon,Pink Floyd,Brain Damage,25,I can't think of anything to say except...,8
The Dark Side of the Moon,Pink Floyd,Brain Damage,26,*laughter*,1
The Dark Side of the Moon,Pink Floyd,Brain Damage,27,I think it's marvellous!,4
The Dark Side of the Moon,Pink Floyd,Brain Damage,28,*laughter*,1
The Dark Side of the Moon,Pink Floyd,Eclipse,1,All that you touch,4
The Dark Side of the Moon,Pink Floyd,Eclipse,2,And all that you see,5
The Dark Side of the Moon,Pink Floyd,Eclipse,3,All that you taste,4
The Dark Side of the Moon,Pink Floyd,Eclipse,4,All you feel,3
The Dark Side of the Moon,Pink Floyd,Eclipse,5,And all that you loved,5
The Dark Side of the Moon,Pink Floyd,Eclipse,6,And all that you hate,5
The Dark Side of the Moon,Pink Floyd,Eclipse,7,All you distrust,3
The Dark Side of the Moon,Pink Floyd,Eclipse,8,All you save,3
The Dark Side of the Moon,Pink Floyd,Eclipse,9,And all that you give (,6
The Dark Side of the Moon,Pink Floyd,Eclipse,10,All you give,3
The Dark Side of the Moon,Pink Floyd,Eclipse,11,),1
The Dark Side of the Moon,Pink Floyd,Eclipse,12,And all that you deal (,6
The Dark Side of the Moon,Pink Floyd,Eclipse,13,Whoa-oh,1
The Dark Side of the Moon,Pink Floyd,Eclipse,14,),1
The Dark Side of the Moon,Pink Floyd,Eclipse,15,And all that you buy,5
The Dark Side of the Moon,Pink Floyd,Eclipse,16,"Beg, borrow, or steal (",5
The Dark Side of the Moon,Pink Floyd,Eclipse,17,Hey-hey,1
The Dark Side of the Moon,Pink Floyd,Eclipse,18,),1
The Dark Side of the Moon,Pink Floyd,Eclipse,19,And all you create,4
The Dark Side of the Moon,Pink Floyd,Eclipse,20,And all you destroy (,5
The Dark Side of the Moon,Pink Floyd,Eclipse,21,"Whoa-oh, oh-oh",2
The Dark Side of the Moon,Pink Floyd,Eclipse,22,),1
The Dark Side of the Moon,Pink Floyd,Eclipse,23,And all that you do,5
The Dark Side of the Moon,Pink Floyd,Eclipse,24,And all that you say (,6
The Dark Side of the Moon,Pink Floyd,Eclipse,25,"Hey, yeah",2
The Dark Side of the Moon,Pink Floyd,Eclipse,26,),1
The Dark Side of the Moon,Pink Floyd,Eclipse,27,And all that you eat,5
The Dark Side of the Moon,Pink Floyd,Eclipse,28,And everyone you meet (,5
The Dark Side of the Moon,Pink Floyd,Eclipse,29,Everyone you meet,3
The Dark Side of the Moon,Pink Floyd,Eclipse,30,),1
The Dark Side of the Moon,Pink Floyd,Eclipse,31,And all that you slight,5
The Dark Side of the Moon,Pink Floyd,Eclipse,32,And everyone you fight (,5
The Dark Side of the Moon,Pink Floyd,Eclipse,33,"Ho, ho, ho, ho",4
The Dark Side of the Moon,Pink Floyd,Eclipse,34,),1
The Dark Side of the Moon,Pink Floyd,Eclipse,35,And all that is now,5
The Dark Side of the Moon,Pink Floyd,Eclipse,36,And all that is gone,5
The Dark Side of the Moon,Pink Floyd,Eclipse,37,And all that's to come,5
The Dark Side of the Moon,Pink Floyd,Eclipse,38,And everything under the sun is in tune (,9
The Dark Side of the Moon,Pink Floyd,Eclipse,39,Everything,1
The Dark Side of the Moon,Pink Floyd,Eclipse,40,),1
The Dark Side of the Moon,Pink Floyd,Eclipse,41,But the sun is eclipsed by the moon,8
The Dark Side of the Moon,Pink Floyd,Eclipse,42,"""There is no dark side in the moon really",9
The Dark Side of the Moon,Pink Floyd,Eclipse,43,"Matter of fact, it's all dark""",6
The Dark Side of the Moon,Pink Floyd,Eclipse,44,*Heartbeats*,1
Abbey Road,The Beatles,Come Together,1,Shoot me,2
Abbey Road,The Beatles,Come Together,2,Shoot me,2
Abbey Road,The Beatles,Come Together,3,Shoot me,2
Abbey Road,The Beatles,Come Together,4,Shoot me,2
Abbey Road,The Beatles,Come Together,5,"Here come old flat-top, he come grooving up slowly",9
Abbey Road,The Beatles,Come Together,6,"He got ju-ju eyeball, he one holy roller",8
Abbey Road,The Beatles,Come Together,7,He got hair down to his knee,7
Abbey Road,The Beatles,Come Together,8,"Got to be a joker, he just do what he please",11
Abbey Road,The Beatles,Come Together,9,Shoot me,2
Abbey Road,The Beatles,Come Together,10,Shoot me,2
Abbey Road,The Beatles,Come Together,11,Shoot me,2
Abbey Road,The Beatles,Come Together,12,Shoot me,2
Abbey Road,The Beatles,Come Together,13,"He wear no shoeshine, he got toe-jam football",8
Abbey Road,The Beatles,Come Together,14,"He got monkey finger, he shoot Coca-Cola",7
Abbey Road,The Beatles,Come Together,15,"He say, ""I know you, you know me""",8
Abbey Road,The Beatles,Come Together,16,One thing I can tell you is you got to be free,12
Abbey Road,The Beatles,Come Together,17,Come together right now,4
Abbey Road,The Beatles,Come Together,18,Over me,2
Abbey Road,The Beatles,Come Together,19,Shoot me,2
Abbey Road,The Beatles,Come Together,20,Shoot me,2
Abbey Road,The Beatles,Come Together,21,Shoot me,2
Abbey Road,The Beatles,Come Together,22,Shoot me,2
Abbey Road,The Beatles,Come Together,23,"He bag production, he got walrus gumboot",7
Abbey Road,The Beatles,Come Together,24,"He got Ono sideboard, he one spinal cracker",8
Abbey Road,The Beatles,Come Together,25,He got feet down below his knee,7
Abbey Road,The Beatles,Come Together,26,"Hold you in his armchair, you can feel his disease",10
Abbey Road,The Beatles,Come Together,27,Come together right now,4
Abbey Road,The Beatles,Come Together,28,Over me,2
Abbey Road,The Beatles,Come Together,29,Shoot me,2
Abbey Road,The Beatles,Come Together,30,Right,1
Abbey Road,The Beatles,Come Together,31,"Come, come, come, come, come",5
Abbey Road,The Beatles,Come Together,32,"He roller-coaster, he got early warnin'",6
Abbey Road,The Beatles,Come Together,33,"He got muddy water, he one mojo filter",8
Abbey Road,The Beatles,Come Together,34,"He say, ""One and one and one is three""",9
Abbey Road,The Beatles,Come Together,35,"Got to be good-lookin', 'cause he's so hard to see",10
Abbey Road,The Beatles,Come Together,36,Come together right now,4
Abbey Road,The Beatles,Come Together,37,Over me,2
Abbey Road,The Beatles,Come Together,38,Shoot me,2
Abbey Road,The Beatles,Come Together,39,Shoot me,2
Abbey Road,The Beatles,Come Together,40,Shoot me,2
Abbey Road,The Beatles,Come Together,41,Oh,1
Abbey Road,The Beatles,Come Together,42,"Come together, yeah",3
Abbey Road,The Beatles,Come Together,43,"Come together, yeah",3
Abbey Road,The Beatles,Come Together,44,"Come together, yeah",3
Abbey Road,The Beatles,Come Together,45,"Come together, yeah",3
Abbey Road,The Beatles,Come Together,46,"Come together, yeah",3
Abbey Road,The Beatles,Come Together,47,"Come together, yeah",3
Abbey Road,The Beatles,Come Together,48,"Come together, yeah",3
Abbey Road,The Beatles,Come Together,49,Oh,1
Abbey Road,The Beatles,Come Together,50,"Come together, yeah",3
Abbey Road,The Beatles,Come Together,51,"Come together, yeah",3
Abbey Road,The Beatles,Something,1,Something in the way she moves,6
Abbey Road,The Beatles,Something,2,Attracts me like no other lover,6
Abbey Road,The Beatles,Something,3,Something in the way she woos me,7
Abbey Road,The Beatles,Something,4,I don't want to leave her now,7
Abbey Road,The Beatles,Something,5,You know I believe and how,6
Abbey Road,The Beatles,Something,6,"Somewhere in her smile, she knows",6
Abbey Road,The Beatles,Something,7,That I don't need no other lover,7
Abbey Road,The Beatles,Something,8,Something in her style that shows me,7
Abbey Road,The Beatles,Something,9,I don't want to leave her now,7
Abbey Road,The Beatles,Something,10,You know I believe and how,6
Abbey Road,The Beatles,Something,11,"You're asking me, will my love grow?",7
Abbey Road,The Beatles,Something,12,"I don't know, I don't know",6
Abbey Road,The Beatles,Something,13,"You stick around, now, it may show",7
Abbey Road,The Beatles,Something,14,"I don't know, I don't know",6
Abbey Road,The Beatles,Something,15,Something in the way she knows,6
Abbey Road,The Beatles,Something,16,And all I have to do is think of her,10
Abbey Road,The Beatles,Something,17,Something in the things she shows me,7
Abbey Road,The Beatles,Something,18,I don't want to leave her now,7
Abbey Road,The Beatles,Something,19,You know I believe and how,6
Abbey Road,The Beatles,Maxwell's Silver Hammer,1,"Joan was quizzical, studied pataphysical",5
Abbey Road,The Beatles,Maxwell's Silver Hammer,2,Science in the home,4
Abbey Road,The Beatles,Maxwell's Silver Hammer,3,"Late nights all alone with a test tube, oh, oh, oh, oh",12
Abbey Road,The Beatles,Maxwell's Silver Hammer,4,"Maxwell Edison, majoring in medicine",5
Abbey Road,The Beatles,Maxwell's Silver Hammer,5,Calls her on the phone,5
Abbey Road,The Beatles,Maxwell's Silver Hammer,6,"""Can I take you out to the pictures, Joa-oa-oa-oan?""",9
Abbey Road,The Beatles,Maxwell's Silver Hammer,7,But as she's getting ready to go,7
Abbey Road,The Beatles,Maxwell's Silver Hammer,8,A knock comes on the door,6
Abbey Road,The Beatles,Maxwell's Silver Hammer,9,Bang! Bang! Maxwell's silver hammer,5
Abbey Road,The Beatles,Maxwell's Silver Hammer,10,Came down upon her head,5
Abbey Road,The Beatles,Maxwell's Silver Hammer,11,Clang! Clang! Maxwell's silver hammer,5
Abbey Road,The Beatles,Maxwell's Silver Hammer,12,Made sure that she was dead,6
Abbey Road,The Beatles,Maxwell's Silver Hammer,13,"Back in school again, Maxwell plays the fool again",9
Abbey Road,The Beatles,Maxwell's Silver Hammer,14,Teacher gets annoyed,3
Abbey Road,The Beatles,Maxwell's Silver Hammer,15,Wishing to avoid an unpleasant sce-e-e-ene,6
Abbey Road,The Beatles,Maxwell's Silver Hammer,16,She tells Max to stay when the class has gone away,11
Abbey Road,The Beatles,Maxwell's Silver Hammer,17,So he waits behind,4
Abbey Road,The Beatles,Maxwell's Silver Hammer,18,"Writing fifty times ""I must not be so, o, o, o""",11
Abbey Road,The Beatles,Maxwell's Silver Hammer,19,But when she turns her back on the boy,9
Abbey Road,The Beatles,Maxwell's Silver Hammer,20,He creeps up from behind,5
Abbey Road,The Beatles,Maxwell's Silver Hammer,21,Bang! Bang! Maxwell's silver hammer,5
Abbey Road,The Beatles,Maxwell's Silver Hammer,22,Came down upon her head (Do-do-do-do-do),6
Abbey Road,The Beatles,Maxwell's Silver Hammer,23,Clang! Clang! Maxwell's silver hammer,5
Abbey Road,The Beatles,Maxwell's Silver Hammer,24,Made sure that she was dead (Do-do-do-do-do),7
Abbey Road,The Beatles,Maxwell's Silver Hammer,25,"P. C. 31 said, ""We caught a dirty one""",9
Abbey Road,The Beatles,Maxwell's Silver Hammer,26,Maxwell stands alone,3
Abbey Road,The Beatles,Maxwell's Silver Hammer,27,"Painting testimonial pictures, oh, oh, oh, oh",7
Abbey Road,The Beatles,Maxwell's Silver Hammer,28,"Rose and Valerie, screaming from the gallery",7
Abbey Road,The Beatles,Maxwell's Silver Hammer,29,Say he must go free (Maxwell must go free),9
Abbey Road,The Beatles,Maxwell's Silver Hammer,30,The judge does not agree and he tells them so-o-o-o,10
Abbey Road,The Beatles,Maxwell's Silver Hammer,31,But as the words are leaving his lips,8
Abbey Road,The Beatles,Maxwell's Silver Hammer,32,A noise comes from behind,5
Abbey Road,The Beatles,Maxwell's Silver Hammer,33,Bang! Bang! Maxwell's silver hammer,5
Abbey Road,The Beatles,Maxwell's Silver Hammer,34,Came down upon his head (Do-do-do-do-do),6
Abbey Road,The Beatles,Maxwell's Silver Hammer,35,Clang! Clang! Maxwell's silver hammer,5
Abbey Road,The Beatles,Maxwell's Silver Hammer,36,Made sure that he was dead,6
Abbey Road,The Beatles,Maxwell's Silver Hammer,37,"Whoa, whoa, whoa-oa",3
Abbey Road,The Beatles,Maxwell's Silver Hammer,38,(Do-do-do-do-do),1
Abbey Road,The Beatles,Maxwell's Silver Hammer,39,(Silver hammer man),3
Abbey Road,The Beatles,Oh! Darling,1,"Oh! Darling, please believe me",5
Abbey Road,The Beatles,Oh! Darling,2,I'll never do you no harm,6
Abbey Road,The Beatles,Oh! Darling,3,Believe me when I tell you,6
Abbey Road,The Beatles,Oh! Darling,4,I'll never do you no harm,6
Abbey Road,The Beatles,Oh! Darling,5,"Oh! Darling, if you leave me",6
Abbey Road,The Beatles,Oh! Darling,6,I'll never make it alone,5
Abbey Road,The Beatles,Oh! Darling,7,Believe me when I beg you (Woo),7
Abbey Road,The Beatles,Oh! Darling,8,Don't ever leave me alone,5
Abbey Road,The Beatles,Oh! Darling,9,When you told me you didn't need me anymore,9
Abbey Road,The Beatles,Oh! Darling,10,"Well, you know I nearly broke down and cried",9
Abbey Road,The Beatles,Oh! Darling,11,When you told me – you didn't need me anymore,10
Abbey Road,The Beatles,Oh! Darling,12,"Well, you know I nearly fell down and died",9
Abbey Road,The Beatles,Oh! Darling,13,"Oh! Darling, if you leave me",6
Abbey Road,The Beatles,Oh! Darling,14,I'll never make it alone,5
Abbey Road,The Beatles,Oh! Darling,15,Believe me when I tell you,6
Abbey Road,The Beatles,Oh! Darling,16,I'll never do you no harm,6
Abbey Road,The Beatles,Oh! Darling,17,"(Believe me, darling)",3
Abbey Road,The Beatles,Oh! Darling,18,When you told me (Woo) you didn't need me anymore,10
Abbey Road,The Beatles,Oh! Darling,19,"Well, you know I nearly broke down and cried",9
Abbey Road,The Beatles,Oh! Darling,20,When you told me – you didn't need me anymore,10
Abbey Road,The Beatles,Oh! Darling,21,"Well, you know I nearly fell down and died",9
Abbey Road,The Beatles,Oh! Darling,22,"Oh! Darling, please believe me",5
Abbey Road,The Beatles,Oh! Darling,23,"I'll never let you down (Oh! Believe me, darling)",9
Abbey Road,The Beatles,Oh! Darling,24,Believe me when I tell you (Woo),7
Abbey Road,The Beatles,Oh! Darling,25,I'll never do you no harm,6
Abbey Road,The Beatles,Octopus's Garden,1,I'd like to be under the sea,7
Abbey Road,The Beatles,Octopus's Garden,2,In an octopus's garden in the shade,7
Abbey Road,The Beatles,Octopus's Garden,3,"He'd let us in, knows where we've been",8
Abbey Road,The Beatles,Octopus's Garden,4,In his octopus's garden in the shade,7
Abbey Road,The Beatles,Octopus's Garden,5,I'd ask my friends to come and see,8
Abbey Road,The Beatles,Octopus's Garden,6,An octopus's garden with me,5
Abbey Road,The Beatles,Octopus's Garden,7,I'd like to be under the sea,7
Abbey Road,The Beatles,Octopus's Garden,8,In an octopus's garden in the shade,7
Abbey Road,The Beatles,Octopus's Garden,9,We would be warm below the storm,7
Abbey Road,The Beatles,Octopus's Garden,10,In our little hideaway beneath the waves,7
Abbey Road,The Beatles,Octopus's Garden,11,Resting our head on the seabed,6
Abbey Road,The Beatles,Octopus's Garden,12,In an octopus's garden near a cave,7
Abbey Road,The Beatles,Octopus's Garden,13,We would sing and dance around,6
Abbey Road,The Beatles,Octopus's Garden,14,Because we know we can't be found,7
Abbey Road,The Beatles,Octopus's Garden,15,I'd like to be under the sea,7
Abbey Road,The Beatles,Octopus's Garden,16,In an octopus's garden in the shade,7
Abbey Road,The Beatles,Octopus's Garden,17,We would shout and swim about,6
Abbey Road,The Beatles,Octopus's Garden,18,The coral that lies beneath the waves (Lies beneath the ocean waves),12
Abbey Road,The Beatles,Octopus's Garden,19,"Oh, what joy for every girl and boy",8
Abbey Road,The Beatles,Octopus's Garden,20,Knowing they're happy and they're safe (Happy and they're safe),10
Abbey Road,The Beatles,Octopus's Garden,21,"We would be so happy, you and me",8
Abbey Road,The Beatles,Octopus's Garden,22,No one there to tell us what to do,9
Abbey Road,The Beatles,Octopus's Garden,23,I'd like to be under the sea,7
Abbey Road,The Beatles,Octopus's Garden,24,In an octopus's garden with you,6
Abbey Road,The Beatles,Octopus's Garden,25,In an octopus's garden with you,6
Abbey Road,The Beatles,Octopus's Garden,26,In an octopus's garden with you,6
Abbey Road,The Beatles,I Want You (She's So Heavy),1,"I want you, I want you so bad",8
Abbey Road,The Beatles,I Want You (She's So Heavy),2,"I want you, I want you so bad, it's driving me mad",12
Abbey Road,The Beatles,I Want You (She's So Heavy),3,It's driving me mad,4
Abbey Road,The Beatles,I Want You (She's So Heavy),4,"I want you, I want you so bad, babe",9
Abbey Road,The Beatles,I Want You (She's So Heavy),5,"I want you, I want you so bad, it's driving me mad",12
Abbey Road,The Beatles,I Want You (She's So Heavy),6,It's driving me—,3
Abbey Road,The Beatles,I Want You (She's So Heavy),7,"I want you, I want you so bad, babe",9
Abbey Road,The Beatles,I Want You (She's So Heavy),8,"I want you, I want you so bad, it's driving me mad",12
Abbey Road,The Beatles,I Want You (She's So Heavy),9,It's driving me mad,4
Abbey Road,The Beatles,I Want You (She's So Heavy),10,"I want you, I want you so bad",8
Abbey Road,The Beatles,I Want You (She's So Heavy),11,"I want you, I want you so bad, it's driving me mad",12
Abbey Road,The Beatles,I Want You (She's So Heavy),12,It's driving me—,3
Abbey Road,The Beatles,I Want You (She's So Heavy),13,She's so,2
Abbey Road,The Beatles,I Want You (She's So Heavy),14,Heavy,1
Abbey Road,The Beatles,I Want You (She's So Heavy),15,Heavy (,2
Abbey Road,The Beatles,I Want You (She's So Heavy),16,"Heavy,",1
Abbey Road,The Beatles,I Want You (She's So Heavy),17,heavy,1
Abbey Road,The Beatles,I Want You (She's So Heavy),18,),1
Abbey Road,The Beatles,I Want You (She's So Heavy),19,She's so,2
Abbey Road,The Beatles,I Want You (She's So Heavy),20,Heavy,1
Abbey Road,The Beatles,I Want You (She's So Heavy),21,She's so heavy (,4
Abbey Road,The Beatles,I Want You (She's So Heavy),22,"Heavy,",1
Abbey Road,The Beatles,I Want You (She's So Heavy),23,heavy,1
Abbey Road,The Beatles,I Want You (She's So Heavy),24,),1
Abbey Road,The Beatles,I Want You (She's So Heavy),25,"I want you, I want you so bad",8
Abbey Road,The Beatles,I Want You (She's So Heavy),26,"I want you, I want you so bad, it's driving me mad",12
Abbey Road,The Beatles,I Want You (She's So Heavy),27,It's driving me mad,4
Abbey Road,The Beatles,I Want You (She's So Heavy),28,"I want you, you know I want you so bad, babe",11
Abbey Road,The Beatles,I Want You (She's So Heavy),29,"I want you, you know I want you so bad, it's driving me mad",14
Abbey Road,The Beatles,I Want You (She's So Heavy),30,It's driving me mad,4
Abbey Road,The Beatles,I Want You (She's So Heavy),31,Yeah,1
Abbey Road,The Beatles,I Want You (She's So Heavy),32,She's so—,2
Abbey Road,The Beatles,Here Comes the Sun,1,"[Chorus: George Harrison,",3
Abbey Road,The Beatles,Here Comes the Sun,2,George Harrison & Paul McCartney,5
Abbey Road,The Beatles,Here Comes the Sun,3,],1
Abbey Road,The Beatles,Here Comes the Sun,4,"Here comes the sun, doo-d-doo-doo",5
Abbey Road,The Beatles,Here Comes the Sun,5,Here comes the sun,4
Abbey Road,The Beatles,Here Comes the Sun,6,"And I say,",3
Abbey Road,The Beatles,Here Comes the Sun,7,"""It's alright""",2
Abbey Road,The Beatles,Here Comes the Sun,8,Little darling,2
Abbey Road,The Beatles,Here Comes the Sun,9,"It's been a long, cold, lonely winter",7
Abbey Road,The Beatles,Here Comes the Sun,10,Little darling,2
Abbey Road,The Beatles,Here Comes the Sun,11,It feels like years since it's been here,8
Abbey Road,The Beatles,Here Comes the Sun,12,"Here comes the sun, doo-d-doo-doo",5
Abbey Road,The Beatles,Here Comes the Sun,13,Here comes the sun,4
Abbey Road,The Beatles,Here Comes the Sun,14,"And I say,",3
Abbey Road,The Beatles,Here Comes the Sun,15,"""It's alright""",2
Abbey Road,The Beatles,Here Comes the Sun,16,Little darling,2
Abbey Road,The Beatles,Here Comes the Sun,17,The smile's returning to the faces,6
Abbey Road,The Beatles,Here Comes the Sun,18,Little darling,2
Abbey Road,The Beatles,Here Comes the Sun,19,It seems like years since it's been here,8
Abbey Road,The Beatles,Here Comes the Sun,20,Here comes the sun,4
Abbey Road,The Beatles,Here Comes the Sun,21,Here comes the sun,4
Abbey Road,The Beatles,Here Comes the Sun,22,"And I say, ""It's alright""",5
Abbey Road,The Beatles,Here Comes the Sun,23,"Sun, sun, sun, here it comes",6
Abbey Road,The Beatles,Here Comes the Sun,24,"Sun, sun, sun, here it comes",6
Abbey Road,The Beatles,Here Comes the Sun,25,"Sun, sun, sun, here it comes",6
Abbey Road,The Beatles,Here Comes the Sun,26,"Sun, sun, sun, here it comes",6
Abbey Road,The Beatles,Here Comes the Sun,27,"Sun, sun, sun, here it comes",6
Abbey Road,The Beatles,Here Comes the Sun,28,Little darling,2
Abbey Road,The Beatles,Here Comes the Sun,29,I feel that ice is slowly melting,7
Abbey Road,The Beatles,Here Comes the Sun,30,Little darling,2
Abbey Road,The Beatles,Here Comes the Sun,31,It seems like years since it's been clear,8
Abbey Road,The Beatles,Here Comes the Sun,32,But,1
Abbey Road,The Beatles,Here Comes the Sun,33,"here comes the sun, doo-d-doo-doo",5
Abbey Road,The Beatles,Here Comes the Sun,34,Here comes the sun,4
Abbey Road,The Beatles,Here Comes the Sun,35,"And I say,",3
Abbey Road,The Beatles,Here Comes the Sun,36,"""It's alright""",2
Abbey Road,The Beatles,Here Comes the Sun,37,"Here comes the sun, doo-d-doo-doo",5
Abbey Road,The Beatles,Here Comes the Sun,38,Here comes the sun,4
Abbey Road,The Beatles,Here Comes the Sun,39,It's alright,2
Abbey Road,The Beatles,Here Comes the Sun,40,It's alright,2
Abbey Road,The Beatles,Because,1,Ah,1
Abbey Road,The Beatles,Because,2,Because the world is round,5
Abbey Road,The Beatles,Because,3,It turns me on,4
Abbey Road,The Beatles,Because,4,Because the world is round,5
Abbey Road,The Beatles,Because,5,Ah,1
Abbey Road,The Beatles,Because,6,Because the wind is high,5
Abbey Road,The Beatles,Because,7,It blows my mind,4
Abbey Road,The Beatles,Because,8,Because the wind is high,5
Abbey Road,The Beatles,Because,9,Ah,1
Abbey Road,The Beatles,Because,10,Love is old,3
Abbey Road,The Beatles,Because,11,Love is new,3
Abbey Road,The Beatles,Because,12,Love is all,3
Abbey Road,The Beatles,Because,13,Love is you,3
Abbey Road,The Beatles,Because,14,Because the sky is blue,5
Abbey Road,The Beatles,Because,15,It makes me cry,4
Abbey Road,The Beatles,Because,16,Because the sky is blue,5
Abbey Road,The Beatles,Because,17,Ah,1
Abbey Road,The Beatles,Because,18,Ah,1
Abbey Road,The Beatles,Because,19,Ah,1
Abbey Road,The Beatles,Because,20,Ah,1
Abbey Road,The Beatles,You Never Give Me Your Money,1,You never give me your money,6
Abbey Road,The Beatles,You Never Give Me Your Money,2,You only give me your funny paper,7
Abbey Road,The Beatles,You Never Give Me Your Money,3,And in the middle of negotiations,6
Abbey Road,The Beatles,You Never Give Me Your Money,4,You break down,3
Abbey Road,The Beatles,You Never Give Me Your Money,5,I never give you my number,6
Abbey Road,The Beatles,You Never Give Me Your Money,6,I only give you my situation,6
Abbey Road,The Beatles,You Never Give Me Your Money,7,And in the middle of investigation,6
Abbey Road,The Beatles,You Never Give Me Your Money,8,I break down,3
Abbey Road,The Beatles,You Never Give Me Your Money,9,"Out of college, money spent",5
Abbey Road,The Beatles,You Never Give Me Your Money,10,"See no future, pay no rent",6
Abbey Road,The Beatles,You Never Give Me Your Money,11,"All the money's gone, nowhere to go",7
Abbey Road,The Beatles,You Never Give Me Your Money,12,Any jobber got the sack,5
Abbey Road,The Beatles,You Never Give Me Your Money,13,"Monday morning, turning back",4
Abbey Road,The Beatles,You Never Give Me Your Money,14,"Yellow lorry slow, nowhere to go",6
Abbey Road,The Beatles,You Never Give Me Your Money,15,"But oh, that magic feeling, nowhere to go",8
Abbey Road,The Beatles,You Never Give Me Your Money,16,"Oh, that magic feeling, nowhere to go",7
Abbey Road,The Beatles,You Never Give Me Your Money,17,Nowhere to go,3
Abbey Road,The Beatles,You Never Give Me Your Money,18,Ahhh,1
Abbey Road,The Beatles,You Never Give Me Your Money,19,Ahhh,1
Abbey Road,The Beatles,You Never Give Me Your Money,20,Ahhh,1
Abbey Road,The Beatles,You Never Give Me Your Money,21,Ahhh,1
Abbey Road,The Beatles,You Never Give Me Your Money,22,One sweet dream,3
Abbey Road,The Beatles,You Never Give Me Your Money,23,"Pick up the bags, get in the limousine",8
Abbey Road,The Beatles,You Never Give Me Your Money,24,"Soon, we'll be away from here",6
Abbey Road,The Beatles,You Never Give Me Your Money,25,Step on the gas and wipe that tear away,9
Abbey Road,The Beatles,You Never Give Me Your Money,26,One sweet dream came true today,6
Abbey Road,The Beatles,You Never Give Me Your Money,27,Came true today,3
Abbey Road,The Beatles,You Never Give Me Your Money,28,Came true today,3
Abbey Road,The Beatles,You Never Give Me Your Money,29,"Yes, it did",3
Abbey Road,The Beatles,You Never Give Me Your Money,30,"One, two, three, four, five, six, seven",7
Abbey Road,The Beatles,You Never Give Me Your Money,31,All good children go to Heaven,6
Abbey Road,The Beatles,You Never Give Me Your Money,32,"One, two, three, four, five, six, seven",7
Abbey Road,The Beatles,You Never Give Me Your Money,33,All good children go to Heaven,6
Abbey Road,The Beatles,You Never Give Me Your Money,34,"One, two, three, four, five, six, seven",7
Abbey Road,The Beatles,You Never Give Me Your Money,35,All good children go to Heaven,6
Abbey Road,The Beatles,You Never Give Me Your Money,36,"One, two, three, four, five, six, seven",7
Abbey Road,The Beatles,You Never Give Me Your Money,37,All good children go to Heaven,6
Abbey Road,The Beatles,You Never Give Me Your Money,38,"One, two, three, four, five, six, seven",7
Abbey Road,The Beatles,You Never Give Me Your Money,39,All good children go to Heaven,6
Abbey Road,The Beatles,You Never Give Me Your Money,40,"One, two, three, four, five, six, seven",7
Abbey Road,The Beatles,You Never Give Me Your Money,41,All good children go to Heaven,6
Abbey Road,The Beatles,You Never Give Me Your Money,42,"One, two, three, four, five, six, seven",7
Abbey Road,The Beatles,You Never Give Me Your Money,43,All good children go to Heaven,6
Abbey Road,The Beatles,You Never Give Me Your Money,44,"One, two, three, four, five, six, seven",7
Abbey Road,The Beatles,You Never Give Me Your Money,45,All good children go to Heaven,6
Abbey Road,The Beatles,You Never Give Me Your Money,46,"One, two, three, four, five, six, seven",7
Abbey Road,The Beatles,You Never Give Me Your Money,47,All good children go to Heaven,6
Abbey Road,The Beatles,Sun King,1,"Ah, here come the sun king",6
Abbey Road,The Beatles,Sun King,2,Here come the sun king,5
Abbey Road,The Beatles,Sun King,3,Everybody's laughing (Ooh),3
Abbey Road,The Beatles,Sun King,4,Everybody's happy (Ooh),3
Abbey Road,The Beatles,Sun King,5,Here come the sun king,5
Abbey Road,The Beatles,Sun King,6,Quando para mucho mi amore de felice corazón,8
Abbey Road,The Beatles,Sun King,7,Mundo paparazzi mi amore chicka ferdy parasol,7
Abbey Road,The Beatles,Sun King,8,Questo obrigado tanta mucho cake and eat it carousel,9
Abbey Road,The Beatles,Mean Mr. Mustard,1,Mean Mister Mustard sleeps in the park,7
Abbey Road,The Beatles,Mean Mr. Mustard,2,Shaves in the dark trying to save paper,8
Abbey Road,The Beatles,Mean Mr. Mustard,3,Sleeps in a hole in the road,7
Abbey Road,The Beatles,Mean Mr. Mustard,4,Saving up to buy some clothes,6
Abbey Road,The Beatles,Mean Mr. Mustard,5,Keeps a ten-bob note up his nose,7
Abbey Road,The Beatles,Mean Mr. Mustard,6,Such a mean old man,5
Abbey Road,The Beatles,Mean Mr. Mustard,7,Such a mean old man,5
Abbey Road,The Beatles,Mean Mr. Mustard,8,His sister Pam works in a shop,7
Abbey Road,The Beatles,Mean Mr. Mustard,9,"She never stops, she's a go-getter",6
Abbey Road,The Beatles,Mean Mr. Mustard,10,Takes him out to look at the Queen,8
Abbey Road,The Beatles,Mean Mr. Mustard,11,Only place that he's ever been,6
Abbey Road,The Beatles,Mean Mr. Mustard,12,Always shouts out something obscene,5
Abbey Road,The Beatles,Mean Mr. Mustard,13,Such a dirty old man,5
Abbey Road,The Beatles,Mean Mr. Mustard,14,Dirty old man,3
Abbey Road,The Beatles,Polythene Pam,1,"Well, you should see Polythene Pam",6
Abbey Road,The Beatles,Polythene Pam,2,"She's so good-looking, but she looks like a man",9
Abbey Road,The Beatles,Polythene Pam,3,"Well, you should see her in drag dressed in her polythene bag",12
Abbey Road,The Beatles,Polythene Pam,4,"Yes, you should see Polythene Pam",6
Abbey Road,The Beatles,Polythene Pam,5,"Yeah, yeah, yeah",3
Abbey Road,The Beatles,Polythene Pam,6,Get a dose of her in jackboots and kilt,9
Abbey Road,The Beatles,Polythene Pam,7,She's killer-diller when she's dressed to the hilt,8
Abbey Road,The Beatles,Polythene Pam,8,She's the kind of a girl that makes,8
Abbey Road,The Beatles,Polythene Pam,9,The News of the World,5
Abbey Road,The Beatles,Polythene Pam,10,"Yes, you could say she was attractively built",8
Abbey Road,The Beatles,Polythene Pam,11,"Yeah, yeah, yeah",3
Abbey Road,The Beatles,Polythene Pam,12,(Hey!) Great!,2
Abbey Road,The Beatles,She Came In Through the Bathroom Window,1,"Oh, listen to that Mal",5
Abbey Road,The Beatles,She Came In Through the Bathroom Window,2,"Heh, heh, heh, heh",4
Abbey Road,The Beatles,She Came In Through the Bathroom Window,3,"Oh, look out! He's c—",5
Abbey Road,The Beatles,She Came In Through the Bathroom Window,4,She came in through the bathroom window,7
Abbey Road,The Beatles,She Came In Through the Bathroom Window,5,Protected by a silver spoon,5
Abbey Road,The Beatles,She Came In Through the Bathroom Window,6,But now she sucks her thumb and wanders,8
Abbey Road,The Beatles,She Came In Through the Bathroom Window,7,By the banks of her own lagoon,7
Abbey Road,The Beatles,She Came In Through the Bathroom Window,8,Didn't anybody tell her?,4
Abbey Road,The Beatles,She Came In Through the Bathroom Window,9,Didn't anybody see?,3
Abbey Road,The Beatles,She Came In Through the Bathroom Window,10,Sunday's on the phone to Monday,6
Abbey Road,The Beatles,She Came In Through the Bathroom Window,11,Tuesday's on the phone to me,6
Abbey Road,The Beatles,She Came In Through the Bathroom Window,12,She said she'd always been a dancer,7
Abbey Road,The Beatles,She Came In Through the Bathroom Window,13,She worked at fifteen clubs a day,7
Abbey Road,The Beatles,She Came In Through the Bathroom Window,14,And though she thought I knew the answer,8
Abbey Road,The Beatles,She Came In Through the Bathroom Window,15,"Well, I knew what I could not say",8
Abbey Road,The Beatles,She Came In Through the Bathroom Window,16,And so I quit the police department,7
Abbey Road,The Beatles,She Came In Through the Bathroom Window,17,And got myself a steady job,6
Abbey Road,The Beatles,She Came In Through the Bathroom Window,18,And though she tried her best to help me,9
Abbey Road,The Beatles,She Came In Through the Bathroom Window,19,"She could steal, but she could not rob",8
Abbey Road,The Beatles,She Came In Through the Bathroom Window,20,Didn't anybody tell her?,4
Abbey Road,The Beatles,She Came In Through the Bathroom Window,21,Didn't anybody see?,3
Abbey Road,The Beatles,She Came In Through the Bathroom Window,22,Sunday's on the phone to Monday,6
Abbey Road,The Beatles,She Came In Through the Bathroom Window,23,Tuesday's on the phone to me,6
Abbey Road,The Beatles,She Came In Through the Bathroom Window,24,"Oh, yeah",2
Abbey Road,The Beatles,Golden Slumbers,1,Once there was a way to get back homeward,9
Abbey Road,The Beatles,Golden Slumbers,2,Once there was a way to get back home,9
Abbey Road,The Beatles,Golden Slumbers,3,"Sleep, pretty darling, do not cry",6
Abbey Road,The Beatles,Golden Slumbers,4,And I will sing a lullaby,6
Abbey Road,The Beatles,Golden Slumbers,5,Golden slumbers fill your eyes,5
Abbey Road,The Beatles,Golden Slumbers,6,Smiles awake you when you rise,6
Abbey Road,The Beatles,Golden Slumbers,7,"Sleep, pretty darling, do not cry",6
Abbey Road,The Beatles,Golden Slumbers,8,And I will sing a lullaby,6
Abbey Road,The Beatles,Golden Slumbers,9,Once there was a way to get back homeward,9
Abbey Road,The Beatles,Golden Slumbers,10,Once there was a way to get back home,9
Abbey Road,The Beatles,Golden Slumbers,11,"Sleep, pretty darling, do not cry",6
Abbey Road,The Beatles,Golden Slumbers,12,And I will sing a lullaby,6
Abbey Road,The Beatles,Carry That Weight,1,"Boy, you're gonna carry that weight",6
Abbey Road,The Beatles,Carry That Weight,2,Carry that weight a long time,6
Abbey Road,The Beatles,Carry That Weight,3,"Boy, you're gonna carry that weight",6
Abbey Road,The Beatles,Carry That Weight,4,Carry that weight a long time,6
Abbey Road,The Beatles,Carry That Weight,5,I never give you my pillow,6
Abbey Road,The Beatles,Carry That Weight,6,I only send you my invitations,6
Abbey Road,The Beatles,Carry That Weight,7,And in the middle of the celebrations,7
Abbey Road,The Beatles,Carry That Weight,8,I break down,3
Abbey Road,The Beatles,Carry That Weight,9,"Boy, you're gonna carry that weight",6
Abbey Road,The Beatles,Carry That Weight,10,Carry that weight a long time,6
Abbey Road,The Beatles,Carry That Weight,11,"Boy, you're gonna carry that weight",6
Abbey Road,The Beatles,Carry That Weight,12,Carry that weight a long time,6
Abbey Road,The Beatles,The End,1,Oh yeah! Alright,3
Abbey Road,The Beatles,The End,2,Are you going to be in my dreams tonight?,9
Abbey Road,The Beatles,The End,3,"Love you, love you",4
Abbey Road,The Beatles,The End,4,"Love you, love you",4
Abbey Road,The Beatles,The End,5,"Love you, love you",4
Abbey Road,The Beatles,The End,6,"Love you, love you",4
Abbey Road,The Beatles,The End,7,"Love you, love you",4
Abbey Road,The Beatles,The End,8,"Love you, love you",4
Abbey Road,The Beatles,The End,9,"Love you, love you",4
Abbey Road,The Beatles,The End,10,"Love you, love you",4
Abbey Road,The Beatles,The End,11,"Love you, love you",4
Abbey Road,The Beatles,The End,12,"Love you, love you",4
Abbey Road,The Beatles,The End,13,"Love you, love you",4
Abbey Road,The Beatles,The End,14,"Love you, love you",4
Abbey Road,The Beatles,The End,15,Love,1
Abbey Road,The Beatles,The End,16,"And in the end, the love you take",8
Abbey Road,The Beatles,The End,17,Is equal to the love you make,7
Abbey Road,The Beatles,Her Majesty,1,"Her Majesty's a pretty nice girl, but she doesn't have a lot to say",14
Abbey Road,The Beatles,Her Majesty,2,"Her Majesty's a pretty nice girl, but she changes from day to day",13
Abbey Road,The Beatles,Her Majesty,3,"I wanna tell her that I love her a lot, but I gotta get a belly full of wine",19
Abbey Road,The Beatles,Her Majesty,4,"Her Majesty's a pretty nice girl, someday, I'm gonna make her mine, oh, yeah",14
Abbey Road,The Beatles,Her Majesty,5,"Someday, I'm gonna make her mine",6
